{
    "materials": [{
        "mapDiffuseAnisotropy": 1, 
        "shading": "lambert", 
        "DbgColor": 15658734, 
        "transparent": false, 
        "depthWrite": true, 
        "DbgIndex": 0, 
        "visible": true, 
        "mapDiffuseWrap": ["RepeatWrapping", "RepeatWrapping"], 
        "mapDiffuse": "pages.jpg", 
        "blending": "NormalBlending", 
        "colorEmissive": [0, 0, 0], 
        "wireframe": false, 
        "depthTest": true, 
        "colorDiffuse": [0.8, 0.8, 0.8], 
        "opacity": 1, 
        "colorAmbient": [0.8, 0.8, 0.8], 
        "mapDiffuseRepeat": [1, 1], 
        "DbgName": "Material.003"
    }, {
        "shading": "phong", 
        "DbgColor": 15597568, 
        "transparent": false, 
        "depthWrite": true, 
        "DbgIndex": 1, 
        "visible": true, 
        "colorSpecular": [0.017241, 0.017241, 0.017241], 
        "specularCoef": 3, 
        "blending": "NormalBlending", 
        "colorEmissive": [0, 0, 0], 
        "wireframe": false, 
        "depthTest": true, 
        "colorDiffuse": [0.64, 0.112591, 0.047256], 
        "opacity": 1, 
        "colorAmbient": [0.64, 0.112591, 0.047256], 
        "DbgName": "Material.004"
    }], 
    "skinIndices": [], 
    "uvs": [[0.880869, 0.983478, 0.752087, 0.970134, 0.755228, 0.765078, 0.756467, 0.51268, 0.755228, 0.260138, 0.751742, 0.032232, 0.879103, 0.016383, 0.882586, 0.128157, 0.886105, 0.325591, 0.887278, 0.528046, 0.886105, 0.730566, 0.882586, 0.928188, 0.183997, 0.928185, 0.185715, 0.983476, 0.972297, 0.970134, 0.939497, 0.970133, 0.939842, 0.032231, 0.187481, 0.016382, 0.971952, 0.032232, 0.183997, 0.128154, 0.180479, 0.325588, 0.179305, 0.528044, 0.180479, 0.730562, 0.936355, 0.260143, 0.935117, 0.512683, 0.936355, 0.765081, 0.094287, 0.970133, 0.091146, 0.765081, 0.089906, 0.512683, 0.091146, 0.260143, 0.094632, 0.032231, 0, 0]], 
    "name": "Cube.008Geometry", 
    "vertices": [0.775267, 0.142044, 1.0517, -0.814479, 0.142044, 1.0517, -0.796429, 0.082545, 1.0517, -0.789384, 0.011029, 1.0517, -0.796429, -0.060486, 1.0517, -0.816484, -0.126593, 1.0517, 0.765634, -0.126593, 1.0517, 0.784716, -0.09635, 1.0517, 0.804324, -0.041589, 1.0517, 0.810945, 0.01536, 1.0517, 0.804324, 0.072309, 1.0517, 0.784716, 0.12707, 1.0517, 0.784715, 0.127069, -1.06062, 0.775266, 0.142044, -1.06062, -0.814479, 0.142044, -1.06062, -0.816484, -0.126593, -1.06062, 0.765634, -0.126593, -1.06062, 0.784715, -0.09635, -1.06062, 0.804323, -0.04159, -1.06062, 0.810944, 0.015359, -1.06062, 0.804323, 0.072308, -1.06062, -0.796429, -0.060485, -1.06062, -0.789384, 0.011031, -1.06062, -0.796429, 0.082546, -1.06062, -0.870928, 0.176401, 1.10494, -0.870928, 0.176401, -1.11386, -0.870928, 0.142044, -1.11386, -0.870928, 0.142044, 1.10494, 0.827516, 0.176401, 1.10494, 0.790313, 0.142044, 1.10494, 0.800213, 0.127069, 1.10494, 0.82076, 0.072309, 1.10494, 0.827698, 0.01536, 1.10494, 0.82076, -0.041589, 1.10494, 0.800213, -0.09635, 1.10494, 0.780219, -0.126593, 1.10494, -0.870928, -0.126593, 1.10494, -0.870928, -0.160949, 1.10494, 0.817267, -0.160949, 1.10494, 0.837569, -0.12297, 1.10494, 0.858432, -0.054203, 1.10494, 0.865476, 0.017313, 1.10494, 0.858432, 0.088828, 1.10494, 0.837569, 0.157596, 1.10494, 0.827515, 0.176401, -1.11386, 0.837568, 0.157595, -1.11386, 0.858431, 0.088827, -1.11386, 0.865475, 0.017312, -1.11386, 0.858431, -0.054204, -1.11386, 0.837568, -0.122971, -1.11386, 0.817267, -0.160949, -1.11386, -0.870928, -0.160949, -1.11386, -0.870928, -0.126593, -1.11386, 0.780218, -0.126593, -1.11386, 0.800213, -0.09635, -1.11386, 0.820759, -0.04159, -1.11386, 0.827697, 0.015359, -1.11386, 0.820759, 0.072308, -1.11386, 0.800213, 0.127069, -1.11386, 0.790312, 0.142044, -1.11386, -0.789384, 0.011029, 1.0517, -0.796429, -0.060486, 1.0517, -0.796429, -0.060485, -1.06062, -0.789384, 0.011031, -1.06062], 
    "metadata": {
        "materials": 2, 
        "type": "Geometry", 
        "version": 3, 
        "faces": 86, 
        "uvs": 1, 
        "vertices": 64, 
        "normals": 57, 
        "generator": "io_three"
    }, 
    "influencesPerVertex": 2,