{
    "skinIndices": [], 
    "uvs": [[0.331843, 0.842189, 0.245118, 0.770028, 0.247392, 0.621575, 0.24829, 0.438848, 0.247392, 0.256017, 0.244868, 0.09102, 0.330564, 0.142046, 0.333086, 0.222967, 0.335633, 0.365902, 0.336483, 0.512472, 0.335633, 0.65909, 0.333086, 0.802161, 0.732288, 0.802159, 0.733531, 0.842188, 1.39348, 0.832528, 0.882756, 0.832528, 0.883006, 0.15352, 0.73481, 0.142046, 1.39323, 0.15352, 0.732288, 0.222965, 0.729741, 0.3659, 0.728891, 0.512471, 0.729741, 0.659087, 0.880482, 0.31852, 0.879585, 0.50135, 0.880482, 0.684078, 0.00996, 0.765472, 0.007686, 0.617022, 0.006788, 0.434295, 0.007686, 0.251465, 0.01021, 0.086465, 0, 0]], 
    "name": "Cube.008Geometry.6", 
    "skinWeights": [], 
    "materials": [{
        "colorAmbient": [0.64, 0.64, 0.64], 
        "mapDiffuseRepeat": [1, 10], 
        "depthWrite": true, 
        "DbgIndex": 0, 
        "transparent": false, 
        "colorSpecular": [0.5, 0.5, 0.5], 
        "mapDiffuse": "pages.jpg", 
        "colorEmissive": [0, 0, 0], 
        "shading": "phong", 
        "wireframe": false, 
        "mapDiffuseAnisotropy": 1, 
        "blending": "NormalBlending", 
        "depthTest": true, 
        "DbgName": "Material.003", 
        "opacity": 1, 
        "mapDiffuseWrap": ["RepeatWrapping", "RepeatWrapping"], 
        "colorDiffuse": [0.64, 0.64, 0.64], 
        "DbgColor": 15658734, 
        "visible": true, 
        "specularCoef": 50
    }, {
        "colorAmbient": [0.64, 0.112591, 0.047256], 
        "depthWrite": true, 
        "DbgIndex": 1, 
        "transparent": false, 
        "colorSpecular": [0.017241, 0.017241, 0.017241], 
        "colorEmissive": [0, 0, 0], 
        "shading": "phong", 
        "wireframe": false, 
        "blending": "NormalBlending", 
        "depthTest": true, 
        "DbgName": "Material.004", 
        "opacity": 1, 
        "colorDiffuse": [0.64, 0.112591, 0.047256], 
        "DbgColor": 15597568, 
        "visible": true, 
        "specularCoef": 3
    }], 
    "influencesPerVertex": 2, 
    "faces": [42, 1, 2, 12, 0, 0, 1, 11, 0, 1, 2, 42, 5, 6, 7, 0, 4, 5, 6, 3, 4, 5, 42, 7, 8, 9, 0, 6, 7, 8, 5, 6, 7, 42, 9, 10, 11, 0, 8, 9, 10, 7, 8, 9, 42, 2, 11, 12, 0, 1, 10, 11, 1, 9, 2, 42, 4, 5, 7, 0, 3, 4, 6, 10, 3, 5, 42, 7, 9, 11, 0, 6, 8, 10, 5, 7, 9, 42, 2, 3, 11, 0, 1, 2, 10, 1, 11, 9, 42, 3, 4, 7, 0, 2, 3, 6, 11, 10, 5, 42, 3, 7, 11, 0, 2, 6, 10, 11, 5, 9, 43, 13, 14, 1, 12, 0, 12, 13, 0, 11, 12, 13, 0, 2, 43, 2, 1, 14, 15, 0, 14, 0, 13, 15, 1, 0, 13, 14, 43, 16, 17, 7, 6, 0, 16, 17, 6, 18, 15, 16, 5, 4, 43, 8, 7, 17, 18, 0, 7, 6, 17, 19, 6, 5, 16, 17, 43, 9, 8, 18, 19, 0, 8, 7, 19, 20, 7, 6, 17, 18, 43, 10, 9, 19, 20, 0, 9, 8, 20, 21, 8, 7, 18, 19, 43, 11, 10, 20, 21, 0, 10, 9, 21, 22, 9, 8, 19, 20, 43, 12, 11, 21, 13, 0, 11, 10, 22, 12, 2, 9, 20, 12, 42, 15, 14, 24, 0, 15, 13, 25, 14, 13, 21, 42, 14, 13, 21, 0, 13, 12, 22, 13, 12, 20, 42, 21, 20, 19, 0, 22, 21, 20, 20, 19, 18, 42, 19, 18, 17, 0, 20, 19, 17, 18, 17, 16, 42, 17, 16, 22, 0, 17, 16, 23, 16, 15, 22, 42, 14, 23, 24, 0, 13, 24, 25, 13, 23, 21, 42, 14, 21, 19, 0, 13, 22, 20, 13, 20, 18, 42, 19, 17, 22, 0, 20, 17, 23, 18, 16, 22, 42, 14, 22, 23, 0, 13, 23, 24, 13, 22, 23, 42, 14, 19, 22, 0, 13, 20, 23, 13, 18, 22, 43, 3, 2, 15, 24, 0, 2, 1, 26, 27, 11, 1, 14, 21, 43, 24, 23, 4, 3, 0, 27, 28, 3, 2, 21, 23, 10, 11, 43, 22, 5, 62, 63, 0, 29, 4, 4, 29, 22, 3, 24, 24, 43, 22, 16, 6, 5, 0, 29, 30, 5, 4, 22, 15, 4, 3, 43, 25, 26, 27, 28, 1, 31, 31, 31, 31, 25, 26, 27, 28, 42, 29, 25, 44, 1, 31, 31, 31, 29, 25, 30, 42, 25, 28, 30, 1, 31, 31, 31, 25, 28, 31, 42, 36, 37, 38, 1, 31, 31, 31, 32, 25, 28, 42, 39, 40, 41, 1, 31, 31, 31, 33, 34, 35, 42, 41, 42, 43, 1, 31, 31, 31, 35, 36, 37, 42, 25, 30, 44, 1, 31, 31, 31, 25, 31, 30, 42, 36, 38, 39, 1, 31, 31, 31, 32, 28, 33, 42, 39, 41, 43, 1, 31, 31, 31, 33, 35, 37, 42, 30, 43, 44, 1, 31, 31, 31, 31, 37, 30, 42, 35, 36, 39, 1, 31, 31, 31, 38, 32, 33, 42, 30, 31, 43, 1, 31, 31, 31, 31, 39, 37, 42, 34, 35, 39, 1, 31, 31, 31, 40, 38, 33, 42, 31, 32, 43, 1, 31, 31, 31, 39, 41, 37, 42, 33, 34, 39, 1, 31, 31, 31, 42, 40, 33, 42, 32, 33, 43, 1, 31, 31, 31, 41, 42, 37, 42, 33, 39, 43, 1, 31, 31, 31, 42, 33, 37, 43, 45, 26, 25, 29, 1, 31, 31, 31, 31, 43, 26, 25, 29, 42, 26, 45, 27, 1, 31, 31, 31, 26, 43, 27, 42, 45, 46, 47, 1, 31, 31, 31, 43, 44, 45, 42, 47, 48, 49, 1, 31, 31, 31, 45, 46, 47, 42, 49, 50, 51, 1, 31, 31, 31, 47, 48, 49, 42, 51, 52, 53, 1, 31, 31, 31, 49, 27, 26, 42, 45, 60, 27, 1, 31, 31, 31, 43, 50, 27, 42, 45, 47, 49, 1, 31, 31, 31, 43, 45, 47, 42, 51, 53, 54, 1, 31, 31, 31, 49, 26, 51, 42, 45, 59, 60, 1, 31, 31, 31, 43, 52, 50, 42, 49, 51, 54, 1, 31, 31, 31, 47, 49, 51, 42, 45, 58, 59, 1, 31, 31, 31, 43, 53, 52, 42, 49, 54, 55, 1, 31, 31, 31, 47, 51, 54, 42, 45, 57, 58, 1, 31, 31, 31, 43, 55, 53, 42, 49, 55, 56, 1, 31, 31, 31, 47, 54, 56, 42, 45, 49, 57, 1, 31, 31, 31, 43, 47, 55, 42, 49, 56, 57, 1, 31, 31, 31, 47, 56, 55, 43, 46, 45, 29, 44, 1, 31, 31, 31, 31, 44, 43, 29, 30, 43, 53, 52, 38, 37, 1, 31, 31, 31, 31, 26, 27, 28, 25, 43, 39, 38, 52, 51, 1, 31, 31, 31, 31, 33, 28, 27, 49, 43, 40, 39, 51, 50, 1, 31, 31, 31, 31, 34, 33, 49, 48, 43, 41, 40, 50, 49, 1, 31, 31, 31, 31, 35, 34, 48, 47, 43, 42, 41, 49, 48, 1, 31, 31, 31, 31, 36, 35, 47, 46, 43, 43, 42, 48, 47, 1, 31, 31, 31, 31, 37, 36, 46, 45, 43, 44, 43, 47, 46, 1, 31, 31, 31, 31, 30, 37, 45, 44, 43, 30, 28, 27, 60, 1, 31, 31, 31, 31, 31, 28, 27, 50, 43, 60, 59, 31, 30, 1, 31, 31, 31, 31, 50, 52, 39, 31, 43, 32, 31, 59, 58, 1, 31, 31, 31, 31, 41, 39, 52, 53, 43, 33, 32, 58, 57, 1, 31, 31, 31, 31, 42, 41, 53, 55, 43, 34, 33, 57, 56, 1, 31, 31, 31, 31, 40, 42, 55, 56, 43, 35, 34, 56, 55, 1, 31, 31, 31, 31, 38, 40, 56, 54, 43, 36, 35, 55, 54, 1, 31, 31, 31, 31, 32, 38, 54, 51, 43, 54, 53, 37, 36, 1, 31, 31, 31, 31, 51, 26, 25, 32, 43, 64, 63, 62, 61, 0, 28, 29, 4, 3, 24, 24, 24, 24, 43, 4, 23, 64, 61, 0, 3, 28, 28, 3, 10, 23, 24, 24, 43, 23, 22, 63, 64, 0, 28, 29, 29, 28, 23, 22, 24, 24, 43, 5, 4, 61, 62, 0, 4, 3, 3, 4, 3, 10, 24, 24], 
    "metadata": {
        "faces": 86, 
        "normals": 57, 
        "type": "Geometry", 
        "uvs": 1, 
        "generator": "io_three", 
        "materials": 2, 
        "vertices": 65, 
        "version": 3
    },