{
    "skinIndices": [], 
    "uvs": [], 
    "name": "Cube.008Geometry.4", 
    "skinWeights": [], 
    "materials": [{
        "colorAmbient": [0.64, 0.64, 0.64], 
        "mapDiffuseRepeat": [1, 10], 
        "depthWrite": true, 
        "DbgIndex": 0, 
        "transparent": false, 
        "colorSpecular": [0.5, 0.5, 0.5], 
        "mapDiffuse": "pages.png", 
        "colorEmissive": [0, 0, 0], 
        "shading": "phong", 
        "wireframe": false, 
        "mapDiffuseAnisotropy": 1, 
        "blending": "NormalBlending", 
        "depthTest": true, 
        "DbgName": "Material.003", 
        "opacity": 1, 
        "mapDiffuseWrap": ["RepeatWrapping", "RepeatWrapping"], 
        "colorDiffuse": [0.64, 0.64, 0.64], 
        "DbgColor": 15658734, 
        "visible": true, 
        "specularCoef": 50
    }, {
        "colorAmbient": [0.64, 0.112591, 0.047256], 
        "depthWrite": true, 
        "DbgIndex": 2, 
        "transparent": false, 
        "colorSpecular": [0.017241, 0.017241, 0.017241], 
        "colorEmissive": [0, 0, 0], 
        "shading": "phong", 
        "wireframe": false, 
        "blending": "NormalBlending", 
        "depthTest": true, 
        "DbgName": "Material.004", 
        "opacity": 1, 
        "colorDiffuse": [0.64, 0.112591, 0.047256], 
        "DbgColor": 60928, 
        "visible": true, 
        "specularCoef": 3
    }], 
    "influencesPerVertex": 2, 
    "faces": [34, 1, 2, 12, 0, 0, 1, 2, 34, 5, 6, 7, 0, 3, 4, 5, 34, 7, 8, 9, 0, 5, 6, 7, 34, 9, 10, 11, 0, 7, 8, 9, 34, 2, 11, 12, 0, 1, 9, 2, 34, 4, 5, 7, 0, 10, 3, 5, 34, 7, 9, 11, 0, 5, 7, 9, 34, 2, 3, 11, 0, 1, 11, 9, 34, 3, 4, 7, 0, 11, 10, 5, 34, 3, 7, 11, 0, 11, 5, 9, 35, 13, 14, 1, 12, 0, 12, 13, 0, 2, 35, 2, 1, 14, 15, 0, 1, 0, 13, 14, 35, 16, 17, 7, 6, 0, 15, 16, 5, 4, 35, 8, 7, 17, 18, 0, 6, 5, 16, 17, 35, 9, 8, 18, 19, 0, 7, 6, 17, 18, 35, 10, 9, 19, 20, 0, 8, 7, 18, 19, 35, 11, 10, 20, 21, 0, 9, 8, 19, 20, 35, 12, 11, 21, 13, 0, 2, 9, 20, 12, 34, 15, 14, 24, 0, 14, 13, 21, 34, 14, 13, 21, 0, 13, 12, 20, 34, 21, 20, 19, 0, 20, 19, 18, 34, 19, 18, 17, 0, 18, 17, 16, 34, 17, 16, 22, 0, 16, 15, 22, 34, 14, 23, 24, 0, 13, 23, 21, 34, 14, 21, 19, 0, 13, 20, 18, 34, 19, 17, 22, 0, 18, 16, 22, 34, 14, 22, 23, 0, 13, 22, 23, 34, 14, 19, 22, 0, 13, 18, 22, 35, 3, 2, 15, 24, 0, 11, 1, 14, 21, 35, 24, 23, 4, 3, 0, 21, 23, 10, 11, 35, 23, 22, 5, 4, 0, 23, 22, 3, 10, 35, 22, 16, 6, 5, 0, 22, 15, 4, 3, 35, 25, 26, 27, 28, 1, 24, 25, 26, 27, 34, 29, 25, 44, 1, 28, 24, 29, 34, 25, 28, 30, 1, 24, 27, 30, 34, 36, 37, 38, 1, 31, 24, 27, 34, 39, 40, 41, 1, 32, 33, 34, 34, 41, 42, 43, 1, 34, 35, 36, 34, 25, 30, 44, 1, 24, 30, 29, 34, 36, 38, 39, 1, 31, 27, 32, 34, 39, 41, 43, 1, 32, 34, 36, 34, 30, 43, 44, 1, 30, 36, 29, 34, 35, 36, 39, 1, 37, 31, 32, 34, 30, 31, 43, 1, 30, 38, 36, 34, 34, 35, 39, 1, 39, 37, 32, 34, 31, 32, 43, 1, 38, 40, 36, 34, 33, 34, 39, 1, 41, 39, 32, 34, 32, 33, 43, 1, 40, 41, 36, 34, 33, 39, 43, 1, 41, 32, 36, 35, 45, 26, 25, 29, 1, 42, 25, 24, 28, 34, 26, 45, 27, 1, 25, 42, 26, 34, 45, 46, 47, 1, 42, 43, 44, 34, 47, 48, 49, 1, 44, 45, 46, 34, 49, 50, 51, 1, 46, 47, 48, 34, 51, 52, 53, 1, 48, 26, 25, 34, 45, 60, 27, 1, 42, 49, 26, 34, 45, 47, 49, 1, 42, 44, 46, 34, 51, 53, 54, 1, 48, 25, 50, 34, 45, 59, 60, 1, 42, 51, 49, 34, 49, 51, 54, 1, 46, 48, 50, 34, 45, 58, 59, 1, 42, 52, 51, 34, 49, 54, 55, 1, 46, 50, 53, 34, 45, 57, 58, 1, 42, 54, 52, 34, 49, 55, 56, 1, 46, 53, 55, 34, 45, 49, 57, 1, 42, 46, 54, 34, 49, 56, 57, 1, 46, 55, 54, 35, 46, 45, 29, 44, 1, 43, 42, 28, 29, 35, 53, 52, 38, 37, 1, 25, 26, 27, 24, 35, 39, 38, 52, 51, 1, 32, 27, 26, 48, 35, 40, 39, 51, 50, 1, 33, 32, 48, 47, 35, 41, 40, 50, 49, 1, 34, 33, 47, 46, 35, 42, 41, 49, 48, 1, 35, 34, 46, 45, 35, 43, 42, 48, 47, 1, 36, 35, 45, 44, 35, 44, 43, 47, 46, 1, 29, 36, 44, 43, 35, 30, 28, 27, 60, 1, 30, 27, 26, 49, 35, 60, 59, 31, 30, 1, 49, 51, 38, 30, 35, 32, 31, 59, 58, 1, 40, 38, 51, 52, 35, 33, 32, 58, 57, 1, 41, 40, 52, 54, 35, 34, 33, 57, 56, 1, 39, 41, 54, 55, 35, 35, 34, 56, 55, 1, 37, 39, 55, 53, 35, 36, 35, 55, 54, 1, 31, 37, 53, 50, 35, 54, 53, 37, 36, 1, 50, 25, 24, 31], 
    "metadata": {
        "faces": 82, 
        "normals": 56, 
        "type": "Geometry", 
        "uvs": 0, 
        "generator": "io_three", 
        "materials": 2, 
        "vertices": 61, 
        "version": 3
    }, 
    "vertices": [1.10292, 0.174905, -0.351625, 0.763829, 0.46636, 1.05616, -0.825918, 0.46636, 1.05616, -0.807867, 0.406861, 1.05616, -0.800823, 0.335345, 1.05616, -0.807867, 0.26383, 1.05616, -0.827923, 0.197723, 1.05616, 0.754195, 0.197723, 1.05616, 0.773277, 0.227966, 1.05616, 0.792885, 0.282727, 1.05616, 0.799506, 0.339676, 1.05616, 0.792885, 0.396625, 1.05616, 0.773277, 0.451385, 1.05616, 0.773276, 0.451385, -1.05616, 0.763827, 0.46636, -1.05616, -0.825918, 0.46636, -1.05616, -0.827923, 0.197723, -1.05616, 0.754195, 0.197723, -1.05616, 0.773276, 0.227966, -1.05616, 0.792884, 0.282726, -1.05616, 0.799505, 0.339675, -1.05616, 0.792884, 0.396624, -1.05616, -0.807867, 0.263831, -1.05616, -0.800823, 0.335347, -1.05616, -0.807867, 0.406862, -1.05616, -0.882367, 0.500717, 1.1094, -0.882367, 0.500716, -1.1094, -0.882367, 0.46636, -1.1094, -0.882367, 0.46636, 1.1094, 0.816077, 0.500717, 1.1094, 0.778874, 0.46636, 1.1094, 0.788774, 0.451385, 1.1094, 0.809321, 0.396625, 1.1094, 0.816259, 0.339676, 1.1094, 0.809321, 0.282727, 1.1094, 0.788774, 0.227966, 1.1094, 0.76878, 0.197723, 1.1094, -0.882367, 0.197723, 1.1094, -0.882367, 0.163367, 1.1094, 0.805828, 0.163367, 1.1094, 0.82613, 0.201345, 1.1094, 0.846993, 0.270113, 1.1094, 0.854037, 0.341628, 1.1094, 0.846993, 0.413144, 1.1094, 0.82613, 0.481911, 1.1094, 0.816076, 0.500717, -1.1094, 0.826129, 0.481911, -1.1094, 0.846992, 0.413143, -1.1094, 0.854036, 0.341628, -1.1094, 0.846992, 0.270112, -1.1094, 0.826129, 0.201345, -1.1094, 0.805828, 0.163367, -1.1094, -0.882367, 0.163367, -1.1094, -0.882367, 0.197723, -1.1094, 0.76878, 0.197723, -1.1094, 0.788774, 0.227966, -1.1094, 0.80932, 0.282726, -1.1094, 0.816258, 0.339675, -1.1094, 0.80932, 0.396624, -1.1094, 0.788774, 0.451385, -1.1094, 0.778873, 0.46636, -1.1094], 
    "normals": [0.381573, 0.691946, 0.612842, -0.663564, 0.492111, 0.563402, 0.656362, 0.319773, 0.683309, -0.713889, 0.142003, 0.68569, -0.663564, -0.492111, 0.563402, 0.381573, -0.691946, 0.612842, 0.656362, -0.319773, 0.683309, 0.711783, -0.166478, 0.682363, 0.731315, 0, 0.681997, 0.711783, 0.166478, 0.682363, -0.727866, 0, 0.68569, -0.713889, -0.142003, 0.68569, 0.656362, 0.319773, -0.683309, 0.381573, 0.691946, -0.612842, -0.663564, 0.492111, -0.563402, -0.663564, -0.492111, -0.563402, 0.381573, -0.691946, -0.612842, 0.656362, -0.319773, -0.683309, 0.711783, -0.166478, -0.682363, 0.731315, 0, -0.681997, 0.711783, 0.166478, -0.682363, -0.713889, -0.142003, -0.68569, -0.713889, 0.142003, -0.68569, -0.727866, 0, -0.68569, -0.577349, 0.577349, 0.577349, -0.577349, 0.577349, -0.577349, -0.577349, -0.577349, -0.577349, -0.577349, -0.577349, 0.577349, 0.408277, 0.681204, 0.607624, 0.672445, 0.278573, 0.68569, -0.373608, -0.694876, 0.614429, -0.373608, 0.694876, 0.614429, 0.408277, -0.681204, 0.607624, 0.672445, -0.278573, 0.68569, 0.713889, -0.142003, 0.68569, 0.727866, 0, 0.68569, 0.713889, 0.142003, 0.68569, -0.65096, 0.33195, 0.682638, -0.65096, -0.33195, 0.682669, -0.710929, 0.174047, 0.681356, -0.710929, -0.174047, 0.681356, -0.732383, 0, 0.680868, 0.408277, 0.681204, -0.607624, 0.672445, 0.278573, -0.68569, 0.713889, 0.142003, -0.68569, 0.727866, 0, -0.68569, 0.713889, -0.142003, -0.68569, 0.672445, -0.278573, -0.68569, 0.408277, -0.681204, -0.607624, -0.373608, -0.694876, -0.614429, -0.373608, 0.694876, -0.614429, -0.65096, -0.33195, -0.682638, -0.710929, -0.174047, -0.681356, -0.65096, 0.33195, -0.682669, -0.732383, 0, -0.680868, -0.710929, 0.174047, -0.681356]
}