{
    "uvs": [[0.5, 1, 0.853553, 0.853553, 1, 0.5, 0.853553, 0.146447, 0.5, 0, 0.146447, 0.146447, 0, 0.5, 0.146447, 0.853553, 0, 0, 1, 0, 1, 1, 0, 1, 0.975528, 0.654508, 0.793893, 0.095491, 0.206107, 0.095492, 0.024472, 0.654509, 0.933013, 0.75, 0.933013, 0.25, 0.066987, 0.25, 0.066987, 0.75, 0.890916, 0.811745, 0.987464, 0.388739, 0.716942, 0.049516, 0.283058, 0.049516, 0.012536, 0.38874, 0.109084, 0.811745]], 
    "metadata": {
        "version": 3, 
        "generator": "io_three", 
        "uvs": 1, 
        "normals": 43, 
        "vertices": 73, 
        "materials": 1, 
        "faces": 94, 
        "type": "Geometry"
    }, 
    "skinIndices": [], 
    "vertices": [-1, -0.2, 0.534789, -1, -0.837999, 0.534789, -1, -0.837999, 0.534789, -1, -1.8, 0.534789, -1, -2, 0.734789, -1, 0, 0.734788, -1, -0, -1.26521, -1, -0.2, -1.06521, -0.8, -0.2, -1.06521, -0.8, -0.2, 0.534789, -0.8, -0.837999, 0.534789, -1, -2, 0.534789, 0.799999, -0.2, 0.734788, 1, 0, 0.734788, -0.8, -1.8, 0.734789, -0.8, -0.86352, 0.734789, -0.8, -0.86352, 0.734789, -0.8, -0.2, 0.734788, 1, -0, -1.26521, -1, -2, -1.06521, -1, -2, -1.26521, -1, -2, -1.06521, -0.8, -2, -1.06521, 0.8, -0.2, -1.06521, 0.799999, -0.2, 0.534788, -0.8, -0.86352, 0.534789, -0.8, -0.837999, 0.534789, -0.8, -2, 0.534789, -0.8, -2, 0.734789, 0.8, -1.8, 0.734789, 0.799999, -1.8, 0.734789, 0.799999, -2, 0.734789, 1, -2, 0.734789, -0.8, -0.86352, 0.534789, 1, -0.2, 0.534788, 1, -0.2, -1.06521, 1, -1.8, 0.534788, 1, -0.837999, 0.534788, 1, -2, 0.534788, 0.8, -0.2, -1.26521, -0.8, -0.2, -1.26521, -0.8, -0.86352, -1.26521, -0.8, -0.86352, -1.26521, -0.8, -1.8, -1.26521, -0.8, -2, -1.26521, -0.8, -2, -1.06521, -0.8, -0.86352, -1.06521, 0.8, -2, 0.534788, 0.799999, -0.837999, 0.534788, 0.8, -1.8, 0.534788, 0.799999, -1.8, 0.534788, 1, -2, 0.534788, 0.799999, -2, 0.534788, 1, -2, -1.06521, 1, -2, -1.26521, 1, -1.8, -1.06521, 1, -1.8, -1.06521, 0.8, -2, -1.26521, 0.8, -2, -1.26521, -0.8, -0.86352, -1.06521, 0.8, -2, -1.06521, 0.8, -1.8, -1.06521, 0.8, -2, -1.06521, 0.8, -1.8, -1.06521, 0.8, -1.8, -1.06521, -1, 2, 1.26521, -1, 2, 1.06521, -1, 0, 0.534788, -1, 0, 0.734788, 1, 2, 1.26521, 1, 0, 0.734788, 1, 2, 1.06521, 1, 0, 0.534788], 
    "faces": [42, 0, 1, 2, 0, 0, 1, 2, 0, 0, 0, 42, 2, 3, 4, 0, 2, 3, 4, 0, 1, 2, 42, 5, 6, 7, 0, 5, 6, 7, 3, 4, 5, 42, 0, 2, 4, 0, 0, 2, 4, 0, 0, 2, 42, 0, 5, 7, 0, 0, 5, 7, 0, 3, 5, 42, 0, 4, 5, 0, 0, 4, 5, 0, 2, 3, 43, 0, 7, 8, 9, 0, 8, 9, 10, 11, 0, 5, 6, 7, 43, 1, 0, 9, 10, 0, 8, 9, 10, 11, 0, 0, 7, 8, 42, 11, 4, 3, 0, 8, 9, 10, 0, 2, 1, 42, 12, 13, 17, 0, 0, 1, 7, 9, 10, 11, 42, 5, 4, 14, 0, 2, 3, 4, 3, 2, 12, 42, 15, 16, 17, 0, 5, 6, 7, 11, 11, 11, 42, 13, 5, 17, 0, 1, 2, 7, 10, 3, 11, 42, 5, 14, 15, 0, 2, 4, 5, 3, 12, 11, 42, 5, 15, 17, 0, 2, 5, 7, 3, 11, 11, 43, 13, 18, 6, 5, 0, 8, 9, 10, 11, 10, 13, 4, 3, 42, 19, 7, 21, 0, 0, 12, 15, 14, 5, 15, 42, 7, 6, 20, 0, 12, 13, 14, 5, 4, 0, 42, 7, 20, 21, 0, 12, 14, 15, 5, 0, 15, 43, 7, 19, 22, 8, 0, 8, 9, 10, 11, 5, 14, 16, 6, 43, 8, 23, 24, 9, 0, 8, 9, 10, 11, 6, 17, 18, 7, 42, 10, 9, 26, 0, 0, 16, 19, 8, 7, 8, 42, 9, 17, 16, 0, 16, 17, 4, 7, 11, 11, 42, 16, 25, 26, 0, 4, 18, 19, 11, 8, 8, 42, 9, 16, 26, 0, 16, 4, 19, 7, 11, 8, 43, 4, 11, 27, 28, 0, 8, 9, 10, 11, 2, 0, 8, 11, 43, 9, 24, 12, 17, 0, 8, 9, 10, 11, 7, 18, 9, 11, 42, 12, 29, 13, 0, 0, 16, 19, 9, 3, 10, 42, 29, 30, 31, 0, 16, 17, 4, 3, 19, 20, 42, 31, 32, 13, 0, 4, 18, 19, 20, 11, 10, 42, 29, 31, 13, 0, 16, 4, 19, 3, 20, 10, 42, 14, 4, 28, 0, 8, 9, 10, 12, 2, 11, 42, 15, 14, 33, 0, 0, 12, 15, 11, 12, 8, 42, 14, 28, 27, 0, 12, 13, 14, 12, 11, 8, 42, 14, 27, 33, 0, 12, 14, 15, 12, 8, 8, 43, 25, 16, 15, 33, 0, 8, 9, 10, 11, 8, 11, 11, 8, 42, 34, 35, 18, 0, 0, 1, 2, 8, 21, 13, 42, 13, 32, 36, 0, 3, 4, 5, 10, 11, 22, 42, 36, 37, 38, 0, 5, 6, 7, 22, 23, 24, 42, 34, 18, 13, 0, 0, 2, 3, 8, 13, 10, 42, 34, 13, 38, 0, 0, 3, 7, 8, 10, 24, 42, 13, 36, 38, 0, 3, 5, 7, 10, 22, 24, 42, 39, 40, 18, 0, 0, 1, 7, 25, 8, 13, 42, 40, 41, 42, 0, 1, 2, 3, 8, 8, 8, 42, 42, 43, 20, 0, 3, 4, 5, 8, 26, 0, 42, 40, 6, 18, 0, 1, 6, 7, 8, 4, 13, 42, 40, 42, 20, 0, 1, 3, 5, 8, 8, 0, 42, 40, 20, 6, 0, 1, 5, 6, 8, 0, 4, 43, 21, 20, 44, 45, 0, 8, 9, 10, 11, 15, 0, 8, 27, 42, 41, 40, 46, 0, 0, 12, 15, 8, 8, 8, 42, 40, 8, 22, 0, 12, 13, 14, 8, 6, 16, 42, 40, 22, 46, 0, 12, 14, 15, 8, 16, 8, 43, 40, 39, 23, 8, 0, 8, 9, 10, 11, 8, 25, 17, 6, 43, 23, 35, 34, 24, 0, 8, 9, 10, 11, 17, 21, 8, 18, 42, 24, 47, 12, 0, 0, 16, 19, 18, 28, 9, 42, 47, 48, 49, 0, 16, 17, 4, 28, 29, 30, 42, 49, 29, 12, 0, 4, 18, 19, 30, 3, 9, 42, 47, 49, 12, 0, 16, 4, 19, 28, 30, 9, 43, 50, 30, 29, 49, 0, 8, 9, 10, 11, 31, 19, 3, 30, 43, 51, 32, 31, 52, 0, 8, 9, 10, 11, 27, 11, 20, 32, 43, 47, 24, 34, 38, 0, 8, 9, 10, 11, 28, 18, 8, 24, 42, 53, 54, 18, 0, 0, 16, 17, 27, 8, 13, 42, 35, 55, 56, 0, 4, 18, 19, 21, 10, 33, 42, 53, 18, 56, 0, 0, 17, 19, 27, 13, 33, 42, 18, 35, 56, 0, 17, 4, 19, 13, 21, 33, 42, 36, 32, 51, 0, 8, 9, 10, 22, 11, 27, 42, 39, 18, 58, 0, 0, 12, 15, 25, 13, 1, 42, 54, 57, 58, 0, 13, 14, 15, 8, 32, 1, 42, 18, 54, 58, 0, 12, 13, 15, 13, 8, 1, 43, 42, 41, 46, 59, 0, 8, 9, 10, 11, 8, 8, 8, 8, 42, 45, 44, 59, 0, 0, 12, 15, 27, 8, 8, 42, 43, 42, 59, 0, 13, 14, 15, 26, 8, 8, 42, 44, 43, 59, 0, 12, 13, 15, 8, 26, 8, 42, 44, 20, 43, 0, 8, 9, 10, 8, 0, 26, 43, 60, 23, 39, 58, 0, 8, 9, 10, 11, 34, 17, 25, 1, 42, 61, 55, 35, 0, 0, 12, 13, 19, 10, 21, 42, 61, 23, 60, 0, 0, 14, 15, 19, 17, 34, 42, 61, 35, 23, 0, 0, 13, 14, 19, 21, 17, 43, 57, 54, 53, 62, 0, 8, 9, 10, 11, 32, 8, 27, 32, 43, 56, 55, 61, 63, 0, 8, 9, 10, 11, 33, 10, 19, 19, 42, 63, 61, 64, 0, 8, 9, 10, 19, 19, 16, 42, 59, 46, 22, 0, 8, 9, 10, 8, 8, 16, 43, 2, 1, 10, 26, 0, 8, 9, 10, 11, 0, 0, 8, 8, 42, 26, 25, 2, 0, 0, 20, 25, 8, 8, 0, 42, 33, 27, 11, 0, 21, 22, 23, 8, 8, 0, 42, 25, 33, 2, 0, 20, 21, 25, 8, 8, 0, 42, 33, 11, 3, 0, 21, 23, 24, 8, 0, 1, 42, 33, 3, 2, 0, 21, 24, 25, 8, 1, 0, 43, 65, 66, 67, 68, 0, 8, 9, 10, 11, 35, 36, 37, 38, 43, 69, 65, 68, 70, 0, 8, 9, 10, 11, 39, 35, 38, 40, 43, 69, 71, 66, 65, 0, 8, 9, 10, 11, 39, 41, 36, 35, 43, 66, 71, 72, 67, 0, 8, 9, 10, 11, 36, 41, 42, 37, 43, 68, 67, 72, 70, 0, 8, 9, 10, 11, 38, 37, 42, 40, 43, 71, 69, 70, 72, 0, 8, 9, 10, 11, 41, 39, 40, 42], 
    "materials": [{
        "DbgColor": 15658734, 
        "DbgName": "Material.005", 
        "opacity": 1, 
        "mapDiffuseWrap": ["RepeatWrapping", "RepeatWrapping"], 
        "DbgIndex": 0, 
        "mapDiffuseAnisotropy": 1, 
        "shading": "lambert", 
        "colorDiffuse": [0.64, 0.64, 0.64], 
        "mapDiffuse": "wood.jpg", 
        "colorAmbient": [0.64, 0.64, 0.64], 
        "blending": "NormalBlending", 
        "colorEmissive": [0, 0, 0], 
        "depthWrite": true, 
        "mapDiffuseRepeat": [1, 1], 
        "transparent": false, 
        "wireframe": false, 
        "visible": true, 
        "depthTest": true
    }], 
    "name": "Cube.004Geometry.4",