{
    "metadata": {
        "type": "Geometry", 
        "vertices": 16, 
        "uvs": 1, 
        "normals": 16, 
        "generator": "io_three", 
        "faces": 14, 
        "version": 3
    }, 
    "vertices": [6.36912, -6.78006, -3.30237, 6.36912, -6.78006, 3.30236, -6.36912, -6.78006, 3.30236, -6.36912, -6.78006, -3.30237, 6.36912, -0.175333, -3.30236, 6.36912, -0.175332, 3.30237, -6.36912, -0.175332, 3.30236, -6.36912, -0.175333, -3.30237, 8.03014, -0.150298, -4.96338, 8.03013, -0.150298, 4.96339, -8.03014, -0.150298, 4.96338, -8.03014, -0.150298, -4.96338, 3.41038, 3.00847, -0.343627, 3.41038, 3.00847, 0.343627, -3.41038, 3.00847, 0.343626, -3.41038, 3.00847, -0.343627], 
    "uvs": [[0, 0, 0.446621, 0.082676, 0.446621, 0.237637, 0.29166, 0.237637, 0.29166, 0.082676, 0.761856, 0.0796, 0.761856, 0.239747, 0.452988, 0.239747, 0.452988, 0.0796, 0.808406, 0.086125, 0.808406, 0.238094, 0.656438, 0.238094, 0.656438, 0.086125, 0.459226, 0.242444, 0.459226, 0.084716, 0.76343, 0.084715, 0.76343, 0.242444, 0.661785, 0.670041, 0.906316, 0.670041, 0.792516, 0.783842, 0.775586, 0.783842, 0.821041, 0.768879, 0.98906, 0.768879, 0.98906, 0.785808, 0.821041, 0.785808, 0.577157, 0.531314, 0.972778, 0.531314, 0.858977, 0.645115, 0.690958, 0.645115, 0.592594, 0.530667, 0.988215, 0.530667, 0.874414, 0.644467, 0.706395, 0.644467, 0.662962, 0.669283, 0.907493, 0.669283, 0.793692, 0.783084, 0.776763, 0.783084]], 
    "normals": [0.577349, -0.577349, -0.577349, 0.577349, -0.577349, 0.577349, -0.577349, -0.577349, 0.577349, -0.577349, -0.577349, -0.577349, -0.307077, -0.900754, -0.307077, -0.307077, -0.900754, 0.307077, -0.697989, -0.160039, 0.697989, -0.697989, -0.160039, -0.697989, 0.307077, -0.900754, -0.307077, 0.307077, -0.900754, 0.307077, -0.22779, 0.946684, 0.22779, -0.22779, 0.946684, -0.22779, 0.697989, -0.160039, 0.697989, 0.697989, -0.160039, -0.697989, 0.22779, 0.946684, -0.22779, 0.22779, 0.946684, 0.22779], 
    "faces": [41, 0, 1, 2, 3, 0, 0, 0, 0, 0, 1, 2, 3, 41, 7, 6, 10, 11, 0, 0, 0, 0, 4, 5, 6, 7, 41, 0, 4, 5, 1, 1, 2, 3, 4, 0, 8, 9, 1, 41, 1, 5, 6, 2, 5, 6, 7, 8, 1, 9, 5, 2, 41, 2, 6, 7, 3, 9, 10, 11, 12, 2, 5, 4, 3, 41, 4, 0, 3, 7, 13, 14, 15, 16, 8, 0, 3, 4, 41, 11, 10, 14, 15, 17, 18, 19, 20, 7, 6, 10, 11, 41, 6, 5, 9, 10, 0, 0, 0, 0, 5, 9, 12, 6, 41, 4, 7, 11, 8, 0, 0, 0, 0, 8, 4, 7, 13, 41, 5, 4, 8, 9, 0, 0, 0, 0, 9, 8, 13, 12, 41, 12, 15, 14, 13, 21, 22, 23, 24, 14, 11, 10, 15, 41, 10, 9, 13, 14, 25, 26, 27, 28, 6, 12, 15, 10, 41, 8, 11, 15, 12, 29, 30, 31, 32, 13, 7, 11, 14, 41, 9, 8, 12, 13, 33, 34, 35, 36, 12, 13, 14, 15], 
    "name": "CubeGeometry.1"
}