{
    "materials": [{
        "mapDiffuseWrap": ["RepeatWrapping", "RepeatWrapping"], 
        "shading": "lambert", 
        "colorDiffuse": [0.64, 0.64, 0.64], 
        "colorEmissive": [0, 0, 0], 
        "DbgIndex": 0, 
        "DbgColor": 15658734, 
        "mapDiffuse": "masjid.jpg", 
        "doubleSided": true, 
        "DbgName": "Material", 
        "opacity": 1, 
        "transparent": false, 
        "depthWrite": true, 
        "visible": true, 
        "mapDiffuseAnisotropy": 1, 
        "colorAmbient": [0.64, 0.64, 0.64], 
        "wireframe": false, 
        "mapDiffuseRepeat": [1, 1], 
        "depthTest": true, 
        "blending": "NormalBlending"
    }], 
    "skinIndices": [], 
    "vertices": [15.9339, -13.9531, -6.41703, 15.9339, -13.9531, 5.20437, -20.9986, -13.9531, 5.20437, -20.9986, -13.9531, -6.41703, 15.934, -5.14236, -6.41703, 15.9339, -5.14236, 5.20437, -20.9986, -5.14236, 5.20437, -20.9986, -5.14236, -6.41703, -8.95738, -13.9531, 6.41703, -8.95738, -13.9531, -5.20437, 12.3778, -13.9531, -5.20437, 12.3778, -13.9531, 6.41703, -8.95738, -2.80079, 6.41703, -8.95738, -2.80079, -5.20437, 12.3778, -2.80079, -5.20437, 12.3778, -2.80079, 6.41703, 16.5591, -13.9415, 1.2043, 16.5591, -13.9415, -3.50789, 20.9986, -13.9415, -3.50789, 20.9986, -13.9415, 1.2043, 16.5591, 13.9531, 1.2043, 16.5591, 13.9531, -3.50789, 20.9986, 13.9531, -3.50789, 20.9986, 13.9531, 1.2043], 
    "skinWeights": [], 
    "faces": [43, 0, 1, 2, 3, 0, 0, 0, 0, 0, 0, 1, 2, 3, 43, 4, 7, 6, 5, 0, 0, 0, 0, 0, 4, 5, 6, 7, 43, 0, 4, 5, 1, 0, 1, 2, 3, 4, 0, 4, 7, 1, 43, 1, 5, 6, 2, 0, 5, 6, 7, 8, 1, 7, 6, 2, 43, 2, 6, 7, 3, 0, 9, 10, 11, 12, 2, 6, 5, 3, 43, 4, 0, 3, 7, 0, 0, 0, 0, 0, 4, 0, 3, 5, 43, 12, 13, 9, 8, 0, 13, 14, 15, 16, 6, 5, 3, 2, 43, 13, 14, 10, 9, 0, 0, 0, 0, 0, 5, 4, 0, 3, 43, 14, 15, 11, 10, 0, 17, 18, 19, 20, 4, 7, 1, 0, 43, 15, 12, 8, 11, 0, 21, 22, 23, 24, 7, 6, 2, 1, 43, 8, 9, 10, 11, 0, 0, 0, 0, 0, 2, 3, 0, 1, 43, 15, 14, 13, 12, 0, 0, 0, 0, 0, 7, 4, 5, 6, 43, 20, 21, 17, 16, 0, 0, 0, 0, 0, 6, 5, 3, 2, 43, 21, 22, 18, 17, 0, 0, 0, 0, 0, 5, 4, 0, 3, 43, 22, 23, 19, 18, 0, 25, 26, 27, 28, 4, 7, 1, 0, 43, 23, 20, 16, 19, 0, 29, 30, 31, 32, 7, 6, 2, 1, 43, 16, 17, 18, 19, 0, 0, 0, 0, 0, 2, 3, 0, 1, 43, 23, 22, 21, 20, 0, 0, 0, 0, 0, 7, 4, 5, 6], 
    "name": "CubeGeometry.1", 
    "uvs": [[0, 0, 0.744913, 8.7e-05, 0.744913, 0.294048, 0.69342, 0.294048, 0.693421, 8.8e-05, 0.744951, 4.4e-05, 0.744951, 0.294139, 0.113382, 0.294143, 0.113382, 4.9e-05, 0.178246, 8.7e-05, 0.178246, 0.287512, 0.111754, 0.287512, 0.111754, 8.7e-05, 0.348235, 0.364772, 0.328431, 0.364772, 0.328431, 9.8e-05, 0.348235, 9.8e-05, 0.693235, 0.364772, 0.668431, 0.364772, 0.668431, 9.8e-05, 0.693235, 9.8e-05, 0.693261, 0.362584, 0.318406, 0.362584, 0.318406, 0.006608, 0.693261, 0.006608, 0.830623, 0.938684, 0.758375, 0.938684, 0.758374, 0.020466, 0.830623, 0.020466, 0.832929, 0.937869, 0.760457, 0.937869, 0.760457, 0.01638, 0.83293, 0.01638]], 
    "influencesPerVertex": 2, 
    "metadata": {
        "vertices": 24, 
        "type": "Geometry", 
        "uvs": 1, 
        "materials": 1, 
        "faces": 18, 
        "normals": 8, 
        "generator": "io_three", 
        "version": 3
    }, 
    "normals": [0.577349, -0.577349, -0.577349, 0.577349, -0.577349, 0.577349, -0.577349, -0.577349, 0.577349, -0.577349, -0.577349, -0.577349, 0.577349, 0.577349, -0.577349, -0.577349, 0.577349, -0.577349, -0.577349, 0.577349, 0.577349, 0.577349, 0.577349, 0.577349]
}