{
    "faces": [43, 0, 1, 2, 3, 0, 0, 1, 2, 3, 0, 1, 2, 3, 43, 4, 7, 6, 5, 0, 0, 3, 2, 1, 4, 5, 6, 7, 43, 0, 4, 5, 1, 0, 4, 5, 6, 7, 0, 4, 7, 1, 43, 1, 5, 6, 2, 0, 8, 9, 10, 11, 1, 7, 6, 2, 43, 2, 6, 7, 3, 0, 12, 13, 14, 15, 2, 6, 5, 3, 43, 4, 0, 3, 7, 0, 9, 8, 11, 10, 4, 0, 3, 5, 43, 12, 13, 9, 8, 0, 16, 17, 18, 19, 6, 5, 3, 2, 43, 13, 14, 10, 9, 0, 20, 21, 22, 23, 5, 4, 0, 3, 43, 14, 15, 11, 10, 0, 17, 16, 19, 18, 4, 7, 1, 0, 43, 15, 12, 8, 11, 0, 21, 20, 23, 22, 7, 6, 2, 1, 43, 8, 9, 10, 11, 0, 24, 25, 26, 27, 2, 3, 0, 1, 43, 15, 14, 13, 12, 0, 27, 26, 25, 24, 7, 4, 5, 6, 43, 20, 21, 17, 16, 0, 16, 17, 18, 19, 6, 5, 3, 2, 43, 21, 22, 18, 17, 0, 28, 29, 30, 31, 5, 4, 0, 3, 43, 22, 23, 19, 18, 0, 17, 16, 19, 18, 4, 7, 1, 0, 43, 23, 20, 16, 19, 0, 29, 28, 31, 30, 7, 6, 2, 1, 43, 16, 17, 18, 19, 0, 32, 33, 34, 35, 2, 3, 0, 1, 43, 23, 22, 21, 20, 0, 35, 34, 33, 32, 7, 4, 5, 6, 43, 28, 29, 25, 24, 0, 36, 37, 38, 39, 6, 5, 3, 2, 43, 29, 30, 26, 25, 0, 20, 21, 22, 23, 5, 4, 0, 3, 43, 30, 31, 27, 26, 0, 37, 36, 39, 38, 4, 7, 1, 0, 43, 31, 28, 24, 27, 0, 21, 20, 23, 22, 7, 6, 2, 1, 43, 24, 25, 26, 27, 0, 40, 41, 42, 43, 2, 3, 0, 1, 43, 31, 30, 29, 28, 0, 43, 42, 41, 40, 7, 4, 5, 6, 43, 36, 37, 33, 32, 0, 36, 37, 38, 39, 6, 5, 3, 2, 43, 37, 38, 34, 33, 0, 28, 29, 30, 31, 5, 4, 0, 3, 43, 38, 39, 35, 34, 0, 37, 36, 39, 38, 4, 7, 1, 0, 43, 39, 36, 32, 35, 0, 29, 28, 31, 30, 7, 6, 2, 1, 43, 32, 33, 34, 35, 0, 44, 45, 46, 47, 2, 3, 0, 1, 43, 39, 38, 37, 36, 0, 47, 46, 45, 44, 7, 4, 5, 6], 
    "skinWeights": [], 
    "materials": [{
        "mapDiffuseRepeat": [1, 1], 
        "doubleSided": true, 
        "mapDiffuseWrap": ["RepeatWrapping", "RepeatWrapping"], 
        "visible": true, 
        "depthWrite": true, 
        "wireframe": false, 
        "blending": "NormalBlending", 
        "colorEmissive": [0, 0, 0], 
        "mapDiffuse": "wood.jpg", 
        "colorAmbient": [0.64, 0.64, 0.64], 
        "mapDiffuseAnisotropy": 1, 
        "opacity": 1, 
        "colorDiffuse": [0.64, 0.64, 0.64], 
        "depthTest": true, 
        "DbgIndex": 0, 
        "transparent": false, 
        "DbgColor": 15658734, 
        "DbgName": "Material", 
        "shading": "lambert"
    }], 
    "normals": [0.577349, -0.577349, -0.577349, 0.577349, -0.577349, 0.577349, -0.577349, -0.577349, 0.577349, -0.577349, -0.577349, -0.577349, 0.577349, 0.577349, -0.577349, -0.577349, 0.577349, -0.577349, -0.577349, 0.577349, 0.577349, 0.577349, 0.577349, 0.577349], 
    "name": "CubeGeometry", 
    "metadata": {
        "version": 3, 
        "faces": 30, 
        "type": "Geometry", 
        "vertices": 40, 
        "generator": "io_three", 
        "normals": 8, 
        "materials": 1, 
        "uvs": 1
    }, 
    "influencesPerVertex": 2, 
    "vertices": [2, 1.00828, -3.3, 2, 1.00828, 3.3, -2, 1.00828, 3.3, -2, 1.00828, -3.3, 2, 1.31852, -3.3, 2, 1.31852, 3.3, -2, 1.31852, 3.3, -2, 1.31852, -3.3, -1.9, -1.31852, 3.1, -1.9, -1.31852, 2.9, -1.7, -1.31852, 2.9, -1.7, -1.31852, 3.1, -1.9, 1.00828, 3.1, -1.9, 1.00828, 2.9, -1.7, 1.00828, 2.9, -1.7, 1.00828, 3.1, 1.7, -1.31852, 3.1, 1.7, -1.31852, 2.9, 1.9, -1.31852, 2.9, 1.9, -1.31852, 3.1, 1.7, 1.00828, 3.1, 1.7, 1.00828, 2.9, 1.9, 1.00828, 2.9, 1.9, 1.00828, 3.1, -1.9, -1.31852, -2.9, -1.9, -1.31852, -3.1, -1.7, -1.31852, -3.1, -1.7, -1.31852, -2.9, -1.9, 1.00828, -2.9, -1.9, 1.00828, -3.1, -1.7, 1.00828, -3.1, -1.7, 1.00828, -2.9, 1.7, -1.31852, -2.9, 1.7, -1.31852, -3.1, 1.9, -1.31852, -3.1, 1.9, -1.31852, -2.9, 1.7, 1.00828, -2.9, 1.7, 1.00828, -3.1, 1.9, 1.00828, -3.1, 1.9, 1.00828, -2.9], 
    "uvs": [[0.999986, 0.000992, 0.999986, -1.00099, 1.4e-05, -1.00099, 1.4e-05, 0.000992, 0.000992, 0.004594, 0.000992, 0.775238, -1.00099, 0.775238, -1.00099, 0.004594, 0.999986, 0.004594, 0.999986, 0.775238, 1.4e-05, 0.775238, 1.4e-05, 0.004594, 0.999008, 0.004594, 0.999008, 0.775238, 2.00099, 0.775238, 2.00099, 0.004594, 0.029371, 0.004594, 0.059734, 0.004594, 0.059734, -5.77524, 0.029371, -5.77524, 0.025014, 0.004594, 0.075012, 0.004594, 0.075012, -5.77524, 0.025014, -5.77524, 0.025014, 0.029371, 0.025014, 0.059734, 0.075012, 0.059734, 0.075012, 0.029371, 0.924988, 0.004594, 0.974986, 0.004594, 0.974986, -5.77524, 0.924988, -5.77524, 0.924988, 0.029371, 0.924988, 0.059734, 0.974986, 0.059734, 0.974986, 0.029371, 0.940266, 0.004594, 0.970629, 0.004594, 0.970629, -5.77524, 0.940266, -5.77524, 0.025014, 0.940266, 0.025014, 0.970629, 0.075012, 0.970629, 0.075012, 0.940266, 0.924988, 0.940266, 0.924988, 0.970629, 0.974986, 0.970629, 0.974986, 0.940266]], 
    "skinIndices": []
}